,hour
0,8
1,8
2,8
3,8
4,8
5,8
6,9
7,9
8,9
9,9
10,9
11,9
12,9
13,9
14,9
15,9
16,9
17,9
18,9
19,9
20,9
21,9
22,9
23,9
24,9
25,9
26,9
27,9
28,9
29,9
30,9
31,9
32,9
33,9
34,9
35,9
36,9
37,9
38,9
39,9
40,9
41,9
42,9
43,9
44,9
45,9
46,9
47,9
48,9
49,9
50,9
51,9
52,9
53,9
54,9
55,9
56,9
57,9
58,10
59,10
60,10
61,10
62,10
63,10
64,10
65,10
66,10
67,10
68,10
69,10
70,10
71,10
72,10
73,10
74,10
75,10
76,10
77,10
78,10
79,10
80,10
81,10
82,10
83,10
84,10
85,10
86,10
87,10
88,10
89,10
90,10
91,10
92,10
93,10
94,10
95,10
96,10
97,10
98,10
99,10
100,10
101,10
102,10
103,10
104,10
105,10
106,10
107,10
108,10
109,10
110,10
111,10
112,10
113,10
114,10
115,10
116,10
117,11
118,11
119,11
120,11
121,11
122,11
123,11
124,11
125,11
126,11
127,11
128,11
129,11
130,11
131,11
132,11
133,11
134,11
135,11
136,11
137,11
138,11
139,11
140,11
141,11
142,11
143,11
144,11
145,11
146,11
147,11
148,11
149,11
150,11
151,11
152,11
153,11
154,11
155,11
156,11
157,11
158,11
159,11
160,11
161,11
162,11
163,11
164,11
165,11
166,11
167,11
168,11
169,11
170,11
171,11
172,11
173,11
174,11
175,11
176,11
177,12
178,12
179,12
180,12
181,12
182,12
183,12
184,12
185,12
186,12
187,12
188,12
189,12
190,12
191,12
192,12
193,12
194,12
195,12
196,12
197,12
198,12
199,12
200,12
201,12
202,12
203,12
204,12
205,12
206,12
207,12
208,12
209,12
210,12
211,12
212,12
213,12
214,12
215,12
216,12
217,12
218,12
219,12
220,12
221,12
222,12
223,12
224,12
225,12
226,12
227,12
228,12
229,12
230,12
231,12
232,12
233,12
234,12
235,12
236,12
237,1
238,1
239,1
240,1
241,1
242,1
243,1
244,1
245,1
246,1
247,1
248,1
249,1
250,1
251,1
252,1
253,1
254,1
255,1
256,1
257,1
258,1
259,1
260,1
261,1
262,1
263,1
264,1
265,1
266,1
267,1
268,1
269,1
270,1
271,1
272,1
273,1
274,1
275,1
276,1
277,1
278,1
279,1
280,1
281,1
282,1
283,1
284,1
285,1
286,1
287,1
288,1
289,1
290,1
291,1
292,1
293,1
294,1
295,1
296,1
297,2
298,2
299,2
300,2
301,2
302,2
303,2
304,2
305,2
306,2
307,2
308,2
309,2
310,2
311,2
312,2
313,2
314,2
315,2
316,2
317,2
318,2
319,2
320,2
321,2
322,2
323,2
324,2
325,2
326,2
327,2
328,2
329,2
330,2
331,2
332,2
333,2
334,2
335,2
336,2
337,2
338,2
339,2
340,2
341,2
342,2
343,2
344,2
345,2
346,2
347,2
348,2
349,2
350,2
351,2
352,2
353,2
354,2
355,2
356,3
357,3
358,3
359,3
360,3
361,3
362,3
363,3
364,3
365,3
366,3
367,3
368,3
369,3
370,3
371,3
372,3
373,3
374,3
375,3
376,3
377,3
378,3
379,3
380,3
381,3
382,3
383,3
384,3
385,3
386,3
387,3
388,3
389,3
390,3
391,3
392,3
393,3
394,3
395,3
396,3
397,3
398,3
399,3
400,3
401,3
402,3
403,3
404,3
405,3
406,3
407,3
408,3
409,3
410,3
411,3
412,3
413,3
414,3
415,3
416,4
417,4
418,4
419,4
420,4
421,4
422,4
423,4
424,4
425,4
426,4
427,4
428,4
429,4
430,4
431,4
432,4
433,4
434,4
435,4
436,4
437,4
438,4
439,4
440,4
441,4
442,4
443,4
444,4
445,4
446,4
447,4
448,4
449,4
450,4
451,4
452,4
453,4
454,4
455,4
456,4
457,4
458,4
459,4
460,4
461,4
462,4
463,4
464,4
465,4
466,4
467,4
468,4
469,4
470,4
471,4
472,4
473,4
474,4
475,4
476,5
477,5
478,5
479,5
480,5
481,5
482,5
483,5
484,5
485,5
486,5
487,5
488,5
489,5
490,5
491,5
492,5
493,5
494,5
495,5
496,5
497,5
498,5
499,5
500,5
501,5
502,5
503,5
504,5
505,5
506,5
507,5
508,5
509,5
510,5
511,5
512,5
513,5
514,5
515,5
516,5
517,5
518,5
519,5
520,5
521,5
522,5
523,5
524,5
525,5
526,5
527,5
528,5
529,5
530,5
531,5
532,5
533,5
534,5
535,5
536,6
537,6
538,6
539,6
540,6
541,6
542,6
543,6
544,6
545,6
546,6
547,6
548,6
549,6
550,6
551,6
552,6
553,6
554,6
555,6
556,6
557,6
558,6
559,6
560,6
561,6
562,6
563,6
564,6
565,6
566,6
567,6
568,6
569,6
570,6
571,6
572,6
573,6
574,6
575,6
576,6
577,6
578,6
579,6
580,6
581,6
582,6
583,6
584,6
585,6
586,6
587,6
588,6
589,6
590,6
591,6
592,6
593,6
594,7
595,7
596,7
597,7
598,7
599,7
600,7
601,7
602,7
603,7
604,7
605,7
606,7
607,7
608,7
609,7
610,7
611,7
612,7
613,7
614,7
615,7
616,7
617,7
618,7
619,7
620,7
621,7
622,7
623,7
624,7
625,7
626,7
627,7
628,7
629,7
630,7
631,7
632,7
633,7
634,7
635,7
636,7
637,7
638,7
639,7
640,7
641,7
642,7
643,7
644,7
645,7
646,7
647,7
648,7
649,7
650,7
651,8
652,8
653,8
654,8
655,8
656,8
657,8
658,8
659,8
660,8
661,8
662,8
663,8
664,8
665,8
666,8
667,8
668,8
669,8
670,8
671,8
672,8
673,8
674,8
675,8
676,8
677,8
678,8
679,8
680,8
681,8
682,8
683,8
684,8
685,8
686,8
687,8
688,8
689,8
690,8
691,8
692,8
693,8
694,8
695,8
696,8
697,8
698,8
699,8
700,8
701,8
702,8
703,8
704,8
705,8
706,8
707,8
708,8
709,8
710,8
711,9
712,9
713,9
714,9
715,9
716,9
717,9
718,9
719,9
720,9
721,9
722,9
723,9
724,9
725,9
726,9
727,9
728,9
729,9
730,9
731,9
732,9
733,9
734,9
735,9
736,9
737,9
738,9
739,9
740,9
741,9
742,9
743,9
744,9
745,9
746,9
747,9
748,9
749,9
750,9
751,9
752,9
753,9
754,9
755,9
756,9
757,9
758,9
759,9
760,9
761,9
762,9
763,9
764,9
765,9
766,9
767,9
768,9
769,9
770,9
771,10
772,10
773,10
774,10
775,10
776,10
777,10
778,10
779,10
780,10
781,10
782,10
783,10
784,10
785,10
786,10
787,10
788,10
789,10
790,10
791,10
792,10
793,10
794,10
795,10
796,10
797,10
798,10
799,10
800,10
801,10
802,10
803,10
804,10
805,10
806,10
807,10
808,10
809,10
810,10
811,10
812,10
813,10
814,10
815,10
816,10
817,10
818,10
819,10
820,10
821,10
822,10
823,10
824,10
825,10
826,10
827,10
828,10
829,10
830,10
831,11
832,11
833,11
834,11
835,11
836,11
837,11
838,11
839,11
840,11
841,11
842,11
843,11
844,11
845,11
846,11
847,11
848,11
849,11
850,11
851,11
852,11
853,11
854,11
855,11
856,11
857,11
858,11
859,11
860,11
861,11
862,11
863,11
864,11
865,11
866,11
867,11
868,11
869,11
870,11
871,11
872,11
873,11
874,11
875,11
876,11
877,11
878,11
879,11
880,11
881,11
882,11
883,11
884,11
885,11
886,11
887,11
888,11
889,11
890,11
891,12
892,12
893,12
894,12
895,12
896,12
897,12
898,12
899,12
900,12
901,12
902,12
903,12
904,12
905,12
906,12
907,12
908,12
909,12
910,12
911,12
912,12
913,12
914,12
915,12
916,12
917,12
918,12
919,12
920,12
921,12
922,12
923,12
924,12
925,12
926,12
927,12
928,12
929,12
930,12
931,12
932,12
933,12
934,12
935,12
936,12
937,12
938,12
939,12
940,12
941,12
942,12
943,12
944,12
945,12
946,12
947,12
948,12
949,12
950,1
951,1
952,1
953,1
954,1
955,1
956,1
957,1
958,1
959,1
960,1
961,1
962,1
963,1
964,1
965,1
966,1
967,1
968,1
969,1
970,1
971,1
972,1
973,1
974,1
975,1
976,1
977,1
978,1
979,1
980,1
981,1
982,1
983,1
984,1
985,1
986,1
987,1
988,1
989,1
990,1
991,1
992,1
993,1
994,1
995,1
996,1
997,1
998,1
999,1
1000,1
1001,1
1002,1
1003,1
1004,1
1005,1
1006,1
1007,1
1008,1
1009,1
1010,2
1011,2
1012,2
1013,2
1014,2
1015,2
1016,2
1017,2
1018,2
1019,2
1020,2
1021,2
1022,2
1023,2
1024,2
1025,2
1026,2
1027,2
1028,2
1029,2
1030,2
1031,2
1032,2
1033,2
1034,2
1035,2
1036,2
1037,2
1038,2
1039,2
1040,2
1041,2
1042,2
1043,2
1044,2
1045,2
1046,2
1047,2
1048,2
1049,2
1050,2
1051,2
1052,2
1053,2
1054,2
1055,2
1056,2
1057,2
1058,2
1059,2
1060,2
1061,2
1062,2
1063,2
1064,2
1065,2
1066,2
1067,2
1068,2
1069,2
1070,3
1071,3
1072,3
1073,3
1074,3
1075,3
1076,3
1077,3
1078,3
1079,3
1080,3
1081,3
1082,3
1083,3
1084,3
1085,3
1086,3
1087,3
1088,3
1089,3
1090,3
1091,3
1092,3
1093,3
1094,3
1095,3
1096,3
1097,3
1098,3
1099,3
1100,3
1101,3
1102,3
1103,3
1104,3
1105,3
1106,3
1107,3
1108,3
1109,3
1110,3
1111,3
1112,3
1113,3
1114,3
1115,3
1116,3
1117,3
1118,3
1119,3
1120,3
1121,3
1122,3
1123,3
1124,3
1125,3
1126,3
1127,3
1128,3
1129,3
1130,4
1131,4
1132,4
1133,4
1134,4
1135,4
1136,4
1137,4
1138,4
1139,4
1140,4
1141,4
1142,4
1143,4
1144,4
1145,4
1146,4
1147,4
1148,4
1149,4
1150,4
1151,4
1152,4
1153,4
1154,4
1155,4
1156,4
1157,4
1158,4
1159,4
1160,4
1161,4
1162,4
1163,4
1164,4
1165,4
1166,4
1167,4
1168,4
1169,4
1170,4
1171,4
1172,4
1173,4
1174,4
1175,4
1176,4
1177,4
1178,4
1179,4
1180,4
1181,4
1182,4
1183,4
1184,4
1185,4
1186,4
1187,4
1188,4
1189,4
1190,5
1191,5
1192,5
1193,5
1194,5
1195,5
1196,5
1197,5
1198,5
1199,5
1200,5
1201,5
1202,5
1203,5
1204,5
1205,5
1206,5
1207,5
1208,5
1209,5
1210,5
1211,5
1212,5
1213,5
1214,5
1215,5
1216,5
1217,5
1218,5
1219,5
1220,5
1221,5
1222,5
1223,5
1224,5
1225,5
1226,5
1227,5
1228,5
1229,5
1230,5
1231,5
1232,5
1233,5
1234,5
1235,5
1236,5
1237,5
1238,5
1239,5
1240,5
1241,5
1242,5
1243,5
1244,5
1245,5
1246,5
1247,5
1248,6
1249,6
1250,6
1251,6
1252,6
1253,6
1254,6
1255,6
1256,6
1257,6
1258,6
1259,6
1260,6
1261,6
1262,6
1263,6
1264,6
1265,6
1266,6
1267,6
1268,6
1269,6
1270,6
1271,6
1272,6
1273,6
1274,6
1275,6
1276,6
1277,6
1278,6
1279,6
1280,6
1281,6
1282,6
1283,6
1284,6
1285,6
1286,6
1287,6
1288,6
1289,6
1290,6
1291,6
1292,6
1293,6
1294,6
1295,6
1296,6
1297,6
1298,6
1299,6
1300,6
1301,6
1302,6
1303,6
1304,6
1305,6
1306,6
1307,6
1308,7
1309,7
1310,7
1311,7
1312,7
1313,7
1314,7
1315,7
1316,7
1317,7
1318,7
1319,7
1320,7
1321,7
1322,7
1323,7
1324,7
1325,7
1326,7
1327,7
1328,7
1329,7
1330,7
1331,7
1332,7
1333,7
1334,7
1335,7
1336,7
1337,7
1338,7
1339,7
1340,7
1341,7
1342,7
1343,7
1344,7
1345,7
1346,7
1347,7
1348,7
1349,7
1350,7
1351,7
1352,7
1353,7
1354,7
1355,7
1356,7
1357,7
1358,7
1359,7
1360,7
1361,7
1362,7
1363,7
1364,7
1365,7
1366,7
1367,7
1368,8
1369,8
1370,8
1371,8
1372,8
1373,8
1374,8
1375,8
1376,8
1377,8
1378,8
1379,8
1380,8
1381,8
1382,8
1383,8
1384,8
1385,8
1386,8
1387,8
1388,8
1389,8
1390,8
1391,8
1392,8
1393,8
1394,8
1395,8
1396,8
1397,8
1398,8
1399,8
1400,8
1401,8
1402,8
1403,8
1404,8
1405,8
1406,8
1407,8
1408,8
1409,8
1410,8
1411,8
1412,8
1413,8
1414,8
1415,8
1416,8
1417,8
1418,8
1419,8
1420,8
1421,8
1422,8
1423,8
1424,8
1425,8
1426,8
1427,8
1428,9
1429,9
1430,9
1431,9
1432,9
1433,9
1434,9
1435,9
1436,9
1437,9
1438,9
1439,9
1440,9
1441,9
1442,9
1443,9
1444,9
1445,9
1446,9
1447,9
1448,9
1449,9
1450,9
1451,9
1452,9
1453,9
1454,9
1455,9
1456,9
1457,9
1458,9
1459,9
1460,9
1461,9
1462,9
1463,9
1464,9
1465,9
1466,9
1467,9
1468,9
1469,9
1470,9
1471,9
1472,9
1473,9
1474,9
1475,9
1476,9
1477,9
1478,9
1479,9
1480,9
1481,9
1482,9
1483,9
1484,9
1485,9
1486,9
1487,10
1488,10
1489,10
1490,10
1491,10
1492,10
1493,10
1494,10
1495,10
1496,10
1497,10
1498,10
1499,10
1500,10
1501,10
1502,10
1503,10
1504,10
1505,10
1506,10
1507,10
1508,10
1509,10
1510,10
1511,10
1512,10
1513,10
1514,10
1515,10
1516,10
1517,10
1518,10
1519,10
1520,10
1521,10
1522,10
1523,10
1524,10
1525,10
1526,10
1527,10
1528,10
1529,10
1530,10
1531,10
1532,10
1533,10
1534,10
1535,10
1536,10
1537,10
1538,10
1539,10
1540,10
1541,10
1542,10
1543,10
1544,10
1545,10
1546,11
1547,11
1548,11
1549,11
1550,11
1551,11
1552,11
1553,11
1554,11
1555,11
1556,11
1557,11
1558,11
1559,11
1560,11
1561,11
1562,11
1563,11
1564,11
1565,11
1566,11
1567,11
1568,11
1569,11
1570,11
1571,11
1572,11
1573,11
1574,11
1575,11
1576,11
1577,11
1578,11
1579,11
1580,11
1581,11
1582,11
1583,11
1584,11
1585,11
1586,11
1587,11
1588,11
1589,11
1590,11
1591,11
1592,11
1593,11
1594,11
1595,11
1596,11
1597,11
1598,11
1599,11
1600,11
1601,11
1602,11
1603,11
1604,11
1605,11
1606,12
1607,12
1608,12
1609,12
1610,12
1611,12
1612,12
1613,12
1614,12
1615,12
1616,12
1617,12
1618,12
1619,12
1620,12
1621,12
1622,12
1623,12
1624,12
1625,12
1626,12
1627,12
1628,12
1629,12
1630,12
1631,12
1632,12
1633,12
1634,12
1635,12
1636,12
1637,12
1638,12
1639,12
1640,12
1641,12
1642,12
1643,12
1644,12
1645,12
1646,12
1647,12
1648,12
1649,12
1650,12
1651,12
1652,12
1653,12
1654,12
1655,12
1656,12
1657,12
1658,12
1659,12
1660,12
1661,12
1662,12
1663,12
1664,12
1665,12
1666,1
1667,1
1668,1
1669,1
1670,1
1671,1
1672,1
1673,1
1674,1
1675,1
1676,1
1677,1
1678,1
1679,1
1680,1
1681,1
1682,1
1683,1
1684,1
1685,1
1686,1
1687,1
1688,1
1689,1
1690,1
1691,1
1692,1
1693,1
1694,1
1695,1
1696,1
1697,1
1698,1
1699,1
1700,1
1701,1
1702,1
1703,1
1704,1
1705,1
1706,1
1707,1
1708,1
1709,1
1710,1
1711,1
1712,1
1713,1
1714,1
1715,1
1716,1
1717,1
1718,1
1719,1
1720,1
1721,1
1722,1
1723,1
1724,1
1725,2
1726,2
1727,2
1728,2
1729,2
1730,2
1731,2
1732,2
1733,2
1734,2
1735,2
1736,2
1737,2
1738,2
1739,2
1740,2
1741,2
1742,2
1743,2
1744,2
1745,2
1746,2
1747,2
1748,2
1749,2
1750,2
1751,2
1752,2
1753,2
1754,2
1755,2
1756,2
1757,2
1758,2
1759,2
1760,2
1761,2
1762,2
1763,2
1764,2
1765,2
1766,2
1767,2
1768,2
1769,2
1770,2
1771,2
1772,2
1773,2
1774,2
1775,2
1776,2
1777,2
1778,2
1779,2
1780,2
1781,2
1782,2
1783,2
1784,2
1785,3
1786,3
1787,3
1788,3
1789,3
1790,3
1791,3
1792,3
1793,3
1794,3
1795,3
1796,3
1797,3
1798,3
1799,3
1800,3
1801,3
1802,3
1803,3
1804,3
1805,3
1806,3
1807,3
1808,3
1809,3
1810,3
1811,3
1812,3
1813,3
1814,3
1815,3
1816,3
1817,3
1818,3
1819,3
1820,3
1821,3
1822,3
1823,3
1824,3
1825,3
1826,3
1827,3
1828,3
1829,3
1830,3
1831,3
1832,3
1833,3
1834,3
1835,3
1836,3
1837,3
1838,3
1839,3
1840,3
1841,3
1842,3
1843,3
1844,3
1845,4
1846,4
1847,4
1848,4
1849,4
1850,4
1851,4
1852,4
1853,4
1854,4
1855,4
1856,4
1857,4
1858,4
1859,4
1860,4
1861,4
1862,4
1863,4
1864,4
1865,4
1866,4
1867,4
1868,4
1869,4
1870,4
1871,4
1872,4
1873,4
1874,4
1875,4
1876,4
1877,4
1878,4
1879,4
1880,4
1881,4
1882,4
1883,4
1884,4
1885,4
1886,4
1887,4
1888,4
1889,4
1890,4
1891,4
1892,4
1893,4
1894,4
1895,4
1896,4
1897,4
1898,4
1899,4
1900,4
1901,4
1902,4
1903,4
1904,4
1905,5
1906,5
1907,5
1908,5
1909,5
1910,5
1911,5
1912,5
1913,5
1914,5
1915,5
1916,5
1917,5
1918,5
1919,5
1920,5
1921,5
1922,5
1923,5
1924,5
1925,5
1926,5
1927,5
1928,5
1929,5
1930,5
1931,5
1932,5
1933,5
1934,5
1935,5
1936,5
1937,5
1938,5
1939,5
1940,5
1941,5
1942,5
1943,5
1944,5
1945,5
1946,5
1947,5
1948,5
1949,5
1950,5
1951,5
1952,5
1953,5
1954,5
1955,5
1956,5
1957,5
1958,5
1959,5
1960,5
1961,5
1962,5
1963,5
1964,5
1965,6
1966,6
1967,6
1968,6
1969,6
1970,6
1971,6
1972,6
1973,6
1974,6
1975,6
1976,6
1977,6
1978,6
1979,6
1980,6
1981,6
1982,6
1983,6
1984,6
1985,6
1986,6
1987,6
1988,6
1989,6
1990,6
1991,6
1992,6
1993,6
1994,6
1995,6
1996,6
1997,6
1998,6
1999,6
2000,6
2001,6
2002,6
2003,6
2004,6
2005,6
2006,6
2007,6
2008,6
2009,6
2010,6
2011,6
2012,6
2013,6
2014,6
2015,6
2016,6
2017,6
2018,6
2019,6
2020,6
2021,6
2022,6
2023,6
2024,7
2025,7
2026,7
2027,7
2028,7
2029,7
2030,7
2031,7
2032,7
2033,7
2034,7
2035,7
2036,7
2037,7
2038,7
2039,7
2040,7
2041,7
2042,7
2043,7
2044,7
2045,7
2046,7
2047,7
2048,7
2049,7
2050,7
2051,7
2052,7
2053,7
2054,7
2055,7
2056,7
2057,7
2058,7
2059,7
2060,7
2061,7
2062,7
2063,7
2064,7
2065,7
2066,7
2067,7
2068,7
2069,7
2070,7
2071,7
2072,7
2073,7
2074,7
2075,7
2076,7
2077,7
2078,7
2079,7
2080,7
2081,8
2082,8
2083,8
2084,8
2085,8
2086,8
2087,8
2088,8
2089,8
2090,8
2091,8
2092,8
2093,8
2094,8
2095,8
2096,8
2097,8
2098,8
2099,8
2100,8
2101,8
2102,8
2103,8
2104,8
2105,8
2106,8
2107,8
2108,8
2109,8
2110,8
2111,8
2112,8
2113,8
2114,8
2115,8
2116,8
2117,8
2118,8
2119,8
2120,8
2121,8
2122,8
2123,8
2124,8
2125,8
2126,8
2127,8
2128,8
2129,8
2130,8
2131,8
2132,8
2133,8
2134,8
2135,8
2136,8
2137,8
2138,8
2139,8
2140,8
2141,9
2142,9
2143,9
2144,9
2145,9
2146,9
2147,9
2148,9
2149,9
2150,9
2151,9
2152,9
2153,9
2154,9
2155,9
2156,9
2157,9
2158,9
2159,9
2160,9
2161,9
2162,9
2163,9
2164,9
2165,9
2166,9
2167,9
2168,9
2169,9
2170,9
2171,9
2172,9
2173,9
2174,9
2175,9
2176,9
2177,9
2178,9
2179,9
2180,9
2181,9
2182,9
2183,9
2184,9
2185,9
2186,9
2187,9
2188,9
2189,9
2190,9
2191,9
2192,9
2193,9
2194,9
2195,9
2196,9
2197,9
2198,9
2199,9
2200,9
2201,10
2202,10
2203,10
2204,10
2205,10
2206,10
2207,10
2208,10
2209,10
2210,10
2211,10
2212,10
2213,10
2214,10
2215,10
2216,10
2217,10
2218,10
2219,10
2220,10
2221,10
2222,10
2223,10
2224,10
2225,10
2226,10
2227,10
2228,10
2229,10
2230,10
2231,10
2232,10
2233,10
2234,10
2235,10
2236,10
2237,10
2238,10
2239,10
2240,10
2241,10
2242,10
2243,10
2244,10
2245,10
2246,10
2247,10
2248,10
2249,10
2250,10
2251,10
2252,10
2253,10
2254,10
2255,10
2256,10
2257,10
2258,10
2259,10
2260,11
2261,11
2262,11
2263,11
2264,11
2265,11
2266,11
2267,11
2268,11
2269,11
2270,11
2271,11
2272,11
2273,11
2274,11
2275,11
2276,11
2277,11
2278,11
2279,11
2280,11
2281,11
2282,11
2283,11
2284,11
2285,11
2286,11
2287,11
2288,11
2289,11
2290,11
2291,11
2292,11
2293,11
2294,11
2295,11
2296,11
2297,11
2298,11
2299,11
2300,11
2301,11
2302,11
2303,11
2304,11
2305,11
2306,11
2307,11
2308,11
2309,11
2310,11
2311,11
2312,11
2313,11
2314,11
2315,11
2316,11
2317,11
2318,11
2319,11
2320,12
2321,12
2322,12
2323,12
2324,12
2325,12
2326,12
2327,12
2328,12
2329,12
2330,12
2331,12
2332,12
2333,12
2334,12
2335,12
2336,12
2337,12
2338,12
2339,12
2340,12
2341,12
2342,12
2343,12
2344,12
2345,12
2346,12
2347,12
2348,12
2349,12
2350,12
2351,12
2352,12
2353,12
2354,12
2355,12
2356,12
2357,12
2358,12
2359,12
2360,12
2361,12
2362,12
2363,12
2364,12
2365,12
2366,12
2367,12
2368,12
2369,12
2370,12
2371,12
2372,12
2373,12
2374,12
2375,12
2376,12
2377,12
2378,12
2379,12
2380,1
2381,1
2382,1
2383,1
2384,1
2385,1
2386,1
2387,1
2388,1
2389,1
2390,1
2391,1
2392,1
2393,1
2394,1
2395,1
2396,1
2397,1
2398,1
2399,1
2400,1
2401,1
2402,1
2403,1
2404,1
2405,1
2406,1
2407,1
2408,1
2409,1
2410,1
2411,1
2412,1
2413,1
2414,1
2415,1
2416,1
2417,1
2418,1
2419,1
2420,1
2421,1
2422,1
2423,1
2424,1
2425,1
2426,1
2427,1
2428,1
2429,1
2430,1
2431,1
2432,1
2433,1
2434,1
2435,1
2436,1
2437,1
2438,1
2439,1
2440,2
2441,2
2442,2
2443,2
2444,2
2445,2
2446,2
2447,2
2448,2
2449,2
2450,2
2451,2
2452,2
2453,2
2454,2
2455,2
2456,2
2457,2
2458,2
2459,2
2460,2
2461,2
2462,2
2463,2
2464,2
2465,2
2466,2
2467,2
2468,2
2469,2
2470,2
2471,2
2472,2
2473,2
2474,2
2475,2
2476,2
2477,2
2478,2
2479,2
2480,2
2481,2
2482,2
2483,2
2484,2
2485,2
2486,2
2487,2
2488,2
2489,2
2490,2
2491,2
2492,2
2493,2
2494,2
2495,2
2496,2
2497,2
2498,2
2499,2
2500,3
2501,3
2502,3
2503,3
2504,3
2505,3
2506,3
2507,3
2508,3
2509,3
2510,3
2511,3
2512,3
2513,3
2514,3
2515,3
2516,3
2517,3
2518,3
2519,3
2520,3
2521,3
2522,3
2523,3
2524,3
2525,3
2526,3
2527,3
2528,3
2529,3
2530,3
2531,3
2532,3
2533,3
2534,3
2535,3
2536,3
2537,3
2538,3
2539,3
2540,3
2541,3
2542,3
2543,3
2544,3
2545,3
2546,3
2547,3
2548,3
2549,3
2550,3
2551,3
2552,3
2553,3
2554,3
2555,3
2556,3
2557,3
2558,3
2559,4
2560,4
2561,4
2562,4
2563,4
2564,4
2565,4
2566,4
2567,4
2568,4
2569,4
2570,4
2571,4
2572,4
2573,4
2574,4
2575,4
2576,4
2577,4
2578,4
2579,4
2580,4
2581,4
2582,4
2583,4
2584,4
2585,4
2586,4
2587,4
2588,4
2589,4
2590,4
2591,4
2592,4
2593,4
2594,4
2595,4
2596,4
2597,4
2598,4
2599,4
2600,4
2601,4
2602,4
2603,4
2604,4
2605,4
2606,4
2607,4
2608,4
2609,4
2610,4
2611,4
2612,4
2613,4
2614,4
2615,4
2616,4
2617,4
2618,4
2619,5
2620,5
2621,5
2622,5
2623,5
2624,5
2625,5
2626,5
2627,5
2628,5
2629,5
2630,5
2631,5
2632,5
2633,5
2634,5
2635,5
2636,5
2637,5
2638,5
2639,5
2640,5
2641,5
2642,5
2643,5
2644,5
2645,5
2646,5
2647,5
2648,5
2649,5
2650,5
2651,5
2652,5
2653,5
2654,5
2655,5
2656,5
2657,5
2658,5
2659,5
2660,5
2661,5
2662,5
2663,5
2664,5
2665,5
2666,5
2667,5
2668,5
2669,5
2670,5
2671,5
2672,5
2673,5
2674,5
2675,5
2676,5
2677,5
2678,5
2679,6
2680,6
2681,6
2682,6
2683,6
2684,6
2685,6
2686,6
2687,6
2688,6
2689,6
2690,6
2691,6
2692,6
2693,6
2694,6
2695,6
2696,6
2697,6
2698,6
2699,6
2700,6
2701,6
2702,6
2703,6
2704,6
2705,6
2706,6
2707,6
2708,6
2709,6
2710,6
2711,6
2712,6
2713,6
2714,6
2715,6
2716,6
2717,6
2718,6
2719,6
2720,6
2721,6
2722,6
2723,6
2724,6
2725,6
2726,6
2727,6
2728,6
2729,6
2730,6
2731,6
2732,6
2733,6
2734,6
2735,6
2736,6
2737,6
2738,6
2739,7
2740,7
2741,7
2742,7
2743,7
2744,7
2745,7
2746,7
2747,7
2748,7
2749,7
2750,7
2751,7
2752,7
2753,7
2754,7
2755,7
2756,7
2757,7
2758,7
2759,7
2760,7
2761,7
2762,7
2763,7
2764,7
2765,7
2766,7
2767,7
2768,7
2769,7
2770,7
2771,7
2772,7
2773,7
2774,7
2775,7
2776,7
2777,7
2778,7
2779,7
2780,7
2781,7
2782,7
2783,7
2784,7
2785,7
2786,7
2787,7
2788,7
2789,7
2790,7
2791,7
2792,7
2793,7
2794,7
2795,7
2796,7
2797,7
2798,8
2799,8
2800,8
2801,8
2802,8
2803,8
2804,8
2805,8
2806,8
2807,8
2808,8
2809,8
2810,8
2811,8
2812,8
2813,8
2814,8
2815,8
2816,8
2817,8
2818,8
2819,8
2820,8
2821,8
2822,8
2823,8
2824,8
2825,8
2826,8
2827,8
2828,8
2829,8
2830,8
2831,8
2832,8
2833,8
2834,8
2835,8
2836,8
2837,8
2838,8
2839,8
2840,8
2841,8
2842,8
2843,8
2844,8
2845,8
2846,8
2847,8
2848,8
2849,8
2850,8
2851,8
2852,8
2853,8
2854,8
2855,8
2856,8
2857,8
2858,9
2859,9
2860,9
2861,9
2862,9
2863,9
2864,9
2865,9
2866,9
2867,9
2868,9
2869,9
2870,9
2871,9
2872,9
2873,9
2874,9
2875,9
2876,9
2877,9
2878,9
2879,9
2880,9
2881,9
2882,9
2883,9
2884,9
2885,9
2886,9
2887,9
2888,9
2889,9
2890,9
2891,9
2892,9
2893,9
2894,9
2895,9
2896,9
2897,9
2898,9
2899,9
2900,9
2901,9
2902,9
2903,9
2904,9
2905,9
2906,9
2907,9
2908,9
2909,9
2910,9
2911,9
2912,9
2913,9
2914,9
2915,9
2916,9
2917,9
2918,10
2919,10
2920,10
2921,10
2922,10
2923,10
2924,10
2925,10
2926,10
2927,10
2928,10
2929,10
2930,10
2931,10
2932,10
2933,10
2934,10
2935,10
2936,10
2937,10
2938,10
2939,10
2940,10
2941,10
2942,10
2943,10
2944,10
2945,10
2946,10
2947,10
2948,10
2949,10
2950,10
2951,10
2952,10
2953,10
2954,10
2955,10
2956,10
2957,10
2958,10
2959,10
2960,10
2961,10
2962,10
2963,10
2964,10
2965,10
2966,10
2967,10
2968,10
2969,10
2970,10
2971,10
2972,10
2973,10
2974,10
2975,10
2976,10
2977,10
2978,11
2979,11
2980,11
2981,11
2982,11
2983,11
2984,11
2985,11
2986,11
2987,11
2988,11
2989,11
2990,11
2991,11
2992,11
2993,11
2994,11
2995,11
2996,11
2997,11
2998,11
2999,11
3000,11
3001,11
3002,11
3003,11
3004,11
3005,11
3006,11
3007,11
3008,11
3009,11
3010,11
3011,11
3012,11
3013,11
3014,11
3015,11
3016,11
3017,11
3018,11
3019,11
3020,11
3021,11
3022,11
3023,11
3024,11
3025,11
3026,11
3027,11
3028,11
3029,11
3030,11
3031,11
3032,11
3033,11
3034,11
3035,11
3036,11
3037,12
3038,12
3039,12
3040,12
3041,12
3042,12
3043,12
3044,12
3045,12
3046,12
3047,12
3048,12
3049,12
3050,12
3051,12
3052,12
3053,12
3054,12
3055,12
3056,12
3057,12
3058,12
3059,12
3060,12
3061,12
3062,12
3063,12
3064,12
3065,12
3066,12
3067,12
3068,12
3069,12
3070,12
3071,12
3072,12
3073,12
3074,12
3075,12
3076,12
3077,12
3078,12
3079,12
3080,12
3081,12
3082,12
3083,12
3084,12
3085,12
3086,12
3087,12
3088,12
3089,12
3090,12
3091,12
3092,12
3093,12
3094,12
3095,12
3096,12
3097,1
3098,1
3099,1
3100,1
3101,1
3102,1
3103,1
3104,1
3105,1
3106,1
3107,1
3108,1
3109,1
3110,1
3111,1
3112,1
3113,1
3114,1
3115,1
3116,1
3117,1
3118,1
3119,1
3120,1
3121,1
3122,1
3123,1
3124,1
3125,1
3126,1
3127,1
3128,1
3129,1
3130,1
3131,1
3132,1
3133,1
3134,1
3135,1
3136,1
3137,1
3138,1
3139,1
3140,1
3141,1
3142,1
3143,1
3144,1
3145,1
3146,1
3147,1
3148,1
3149,1
3150,1
3151,1
3152,1
3153,1
3154,1
3155,1
3156,1
3157,2
3158,2
3159,2
3160,2
3161,2
3162,2
3163,2
3164,2
3165,2
3166,2
3167,2
3168,2
3169,2
3170,2
3171,2
3172,2
3173,2
3174,2
3175,2
3176,2
3177,2
3178,2
3179,2
3180,2
3181,2
3182,2
3183,2
3184,2
3185,2
3186,2
3187,2
3188,2
3189,2
3190,2
3191,2
3192,2
3193,2
3194,2
3195,2
3196,2
3197,2
3198,2
3199,2
3200,2
3201,2
3202,2
3203,2
3204,2
3205,2
3206,2
3207,2
3208,2
3209,2
3210,2
3211,2
3212,2
3213,2
3214,2
3215,2
3216,2
3217,3
3218,3
3219,3
3220,3
3221,3
3222,3
3223,3
3224,3
3225,3
3226,3
3227,3
3228,3
3229,3
3230,3
3231,3
3232,3
3233,3
3234,3
3235,3
3236,3
3237,3
3238,3
3239,3
3240,3
3241,3
3242,3
3243,3
3244,3
3245,3
3246,3
3247,3
3248,3
3249,3
3250,3
3251,3
3252,3
3253,3
3254,3
3255,3
3256,3
3257,3
3258,3
3259,3
3260,3
3261,3
3262,3
3263,3
3264,3
3265,3
3266,3
3267,3
3268,3
3269,3
3270,3
3271,3
3272,3
3273,3
3274,3
3275,3
3276,3
3277,4
3278,4
3279,4
3280,4
3281,4
3282,4
3283,4
3284,4
3285,4
3286,4
3287,4
3288,4
3289,4
3290,4
3291,4
3292,4
3293,4
3294,4
3295,4
3296,4
3297,4
3298,4
3299,4
3300,4
3301,4
3302,4
3303,4
3304,4
3305,4
3306,4
3307,4
3308,4
3309,4
3310,4
3311,4
3312,4
3313,4
3314,4
3315,4
3316,4
3317,4
3318,4
3319,4
3320,4
3321,4
3322,4
3323,4
3324,4
3325,4
3326,4
3327,4
3328,4
3329,4
3330,4
3331,4
3332,4
3333,4
3334,4
3335,4
3336,5
3337,5
3338,5
3339,5
3340,5
3341,5
3342,5
3343,5
3344,5
3345,5
3346,5
3347,5
3348,5
3349,5
3350,5
3351,5
3352,5
3353,5
3354,5
3355,5
3356,5
3357,5
3358,5
3359,5
3360,5
3361,5
3362,5
3363,5
3364,5
3365,5
3366,5
3367,5
3368,5
3369,5
3370,5
3371,5
3372,5
3373,5
3374,5
3375,5
3376,5
3377,5
3378,5
3379,5
3380,5
3381,5
3382,5
3383,5
3384,5
3385,5
3386,5
3387,5
3388,5
3389,5
3390,5
3391,5
3392,5
3393,5
3394,5
3395,5
3396,6
3397,6
3398,6
3399,6
3400,6
3401,6
3402,6
3403,6
3404,6
3405,6
3406,6
3407,6
3408,6
3409,6
3410,6
3411,6
3412,6
3413,6
3414,6
3415,6
3416,6
3417,6
3418,6
3419,6
3420,6
3421,6
3422,6
3423,6
3424,6
3425,6
3426,6
3427,6
3428,6
3429,6
3430,6
3431,6
3432,6
3433,6
3434,6
3435,6
3436,6
3437,6
3438,6
3439,6
3440,6
3441,6
3442,6
3443,6
3444,6
3445,6
3446,6
3447,6
3448,6
3449,6
3450,6
3451,6
3452,6
3453,6
3454,6
3455,6
3456,7
3457,7
3458,7
3459,7
3460,7
3461,7
3462,7
3463,7
3464,7
3465,7
3466,7
3467,7
3468,7
3469,7
3470,7
3471,7
3472,7
3473,7
3474,7
3475,7
3476,7
3477,7
3478,7
3479,7
3480,7
3481,7
3482,7
3483,7
3484,7
3485,7
3486,7
3487,7
3488,7
3489,7
3490,7
3491,7
3492,7
3493,7
3494,7
3495,7
3496,7
3497,7
3498,7
3499,7
3500,7
3501,7
3502,7
3503,7
3504,7
3505,7
3506,7
3507,7
3508,7
3509,7
3510,7
3511,7
3512,7
3513,7
3514,7
3515,7
3516,8
3517,8
3518,8
3519,8
3520,8
3521,8
3522,8
3523,8
3524,8
3525,8
3526,8
3527,8
3528,8
3529,8
3530,8
3531,8
3532,8
3533,8
3534,8
3535,8
3536,8
3537,8
3538,8
3539,8
3540,8
3541,8
3542,8
3543,8
3544,8
3545,8
3546,8
3547,8
3548,8
3549,8
3550,8
3551,8
3552,8
3553,8
3554,8
3555,8
3556,8
3557,8
3558,8
3559,8
3560,8
3561,8
3562,8
3563,8
3564,8
3565,8
3566,8
3567,8
3568,8
3569,8
3570,8
3571,8
3572,9
3573,9
3574,9
3575,9
3576,9
3577,9
3578,9
3579,9
3580,9
3581,9
3582,9
3583,9
3584,9
3585,9
3586,9
3587,9
3588,9
3589,9
3590,9
3591,9
3592,9
3593,9
3594,9
3595,9
3596,9
3597,9
3598,9
3599,9
3600,9
3601,9
3602,9
3603,9
3604,9
3605,9
3606,9
3607,9
3608,9
3609,9
3610,9
3611,9
3612,9
3613,9
3614,9
3615,9
3616,9
3617,9
3618,9
3619,9
3620,9
3621,9
3622,9
3623,9
3624,9
3625,9
3626,9
3627,9
3628,9
3629,9
3630,9
3631,10
3632,10
3633,10
3634,10
3635,10
3636,10
3637,10
3638,10
3639,10
3640,10
3641,10
3642,10
3643,10
3644,10
3645,10
3646,10
3647,10
3648,10
3649,10
3650,10
3651,10
3652,10
3653,10
3654,10
3655,10
3656,10
3657,10
3658,10
3659,10
3660,10
3661,10
3662,10
3663,10
3664,10
3665,10
3666,10
3667,10
3668,10
3669,10
3670,10
3671,10
3672,10
3673,10
3674,10
3675,10
3676,10
3677,10
3678,10
3679,10
3680,10
3681,10
3682,10
3683,10
3684,10
3685,10
3686,10
3687,10
3688,10
3689,10
3690,10
3691,11
3692,11
3693,11
3694,11
3695,11
3696,11
3697,11
3698,11
3699,11
3700,11
3701,11
3702,11
3703,11
3704,11
3705,11
3706,11
3707,11
3708,11
3709,11
3710,11
3711,11
3712,11
3713,11
3714,11
3715,11
3716,11
3717,11
3718,11
3719,11
3720,11
3721,11
3722,11
3723,11
3724,11
3725,11
3726,11
3727,11
3728,11
3729,11
3730,11
3731,11
3732,11
3733,11
3734,11
3735,11
3736,11
3737,11
3738,11
3739,11
3740,11
3741,11
3742,11
3743,11
3744,11
3745,11
3746,11
3747,11
3748,11
3749,11
3750,11
3751,12
3752,12
3753,12
3754,12
3755,12
3756,12
3757,12
3758,12
3759,12
3760,12
3761,12
3762,12
3763,12
3764,12
3765,12
3766,12
3767,12
3768,12
3769,12
3770,12
3771,12
3772,12
3773,12
3774,12
3775,12
3776,12
3777,12
3778,12
3779,12
3780,12
3781,12
3782,12
3783,12
3784,12
3785,12
3786,12
3787,12
3788,12
3789,12
3790,12
3791,12
3792,12
3793,12
3794,12
3795,12
3796,12
3797,12
3798,12
3799,12
3800,12
3801,12
3802,12
3803,12
3804,12
3805,12
3806,12
3807,12
3808,12
3809,12
3810,12
3811,1
3812,1
3813,1
3814,1
3815,1
3816,1
3817,1
3818,1
3819,1
3820,1
3821,1
3822,1
3823,1
3824,1
3825,1
3826,1
3827,1
3828,1
3829,1
3830,1
3831,1
3832,1
3833,1
3834,1
3835,1
3836,1
3837,1
3838,1
3839,1
3840,1
3841,1
3842,1
3843,1
3844,1
3845,1
3846,1
3847,1
3848,1
3849,1
3850,1
3851,1
3852,1
3853,1
3854,1
3855,1
3856,1
3857,1
3858,1
3859,1
3860,1
3861,1
3862,1
3863,1
3864,1
3865,1
3866,1
3867,1
3868,1
3869,1
3870,2
3871,2
3872,2
3873,2
3874,2
3875,2
3876,2
3877,2
3878,2
3879,2
3880,2
3881,2
3882,2
3883,2
3884,2
3885,2
3886,2
3887,2
3888,2
3889,2
3890,2
3891,2
3892,2
3893,2
3894,2
3895,2
3896,2
3897,2
3898,2
3899,2
3900,2
3901,2
3902,2
3903,2
3904,2
3905,2
3906,2
3907,2
3908,2
3909,2
3910,2
3911,2
3912,2
3913,2
3914,2
3915,2
3916,2
3917,2
3918,2
3919,2
3920,2
3921,2
3922,2
3923,2
3924,2
3925,2
3926,2
3927,2
3928,2
3929,2
3930,3
3931,3
3932,3
3933,3
3934,3
3935,3
3936,3
3937,3
3938,3
3939,3
3940,3
3941,3
3942,3
3943,3
3944,3
3945,3
3946,3
3947,3
3948,3
3949,3
3950,3
3951,3
3952,3
3953,3
3954,3
3955,3
3956,3
3957,3
3958,3
3959,3
3960,3
3961,3
3962,3
3963,3
3964,3
3965,3
3966,3
3967,3
3968,3
3969,3
3970,3
3971,3
3972,3
3973,3
3974,3
3975,3
3976,3
3977,3
3978,3
3979,3
3980,3
3981,3
3982,3
3983,3
3984,3
3985,3
3986,3
3987,3
3988,3
3989,3
3990,4
3991,4
3992,4
3993,4
3994,4
3995,4
3996,4
3997,4
3998,4
3999,4
4000,4
4001,4
4002,4
4003,4
4004,4
4005,4
4006,4
4007,4
4008,4
4009,4
4010,4
4011,4
4012,4
4013,4
4014,4
4015,4
4016,4
4017,4
4018,4
4019,4
4020,4
4021,4
4022,4
4023,4
4024,4
4025,4
4026,4
4027,4
4028,4
4029,4
4030,4
4031,4
4032,4
4033,4
4034,4
4035,4
4036,4
4037,4
4038,4
4039,4
4040,4
4041,4
4042,4
4043,4
4044,4
4045,4
4046,4
4047,4
4048,4
4049,4
4050,5
4051,5
4052,5
4053,5
4054,5
4055,5
4056,5
4057,5
4058,5
4059,5
4060,5
4061,5
4062,5
4063,5
4064,5
4065,5
4066,5
4067,5
4068,5
4069,5
4070,5
4071,5
4072,5
4073,5
4074,5
4075,5
4076,5
4077,5
4078,5
4079,5
4080,5
4081,5
4082,5
4083,5
4084,5
4085,5
4086,5
4087,5
4088,5
4089,5
4090,5
4091,5
4092,5
4093,5
4094,5
4095,5
4096,5
4097,5
4098,5
4099,5
4100,5
4101,5
4102,5
4103,5
4104,5
4105,5
4106,5
4107,5
4108,5
4109,5
4110,6
4111,6
4112,6
4113,6
4114,6
4115,6
4116,6
4117,6
4118,6
4119,6
4120,6
4121,6
4122,6
4123,6
4124,6
4125,6
4126,6
4127,6
4128,6
4129,6
4130,6
4131,6
4132,6
4133,6
4134,6
4135,6
4136,6
4137,6
4138,6
4139,6
4140,6
4141,6
4142,6
4143,6
4144,6
4145,6
4146,6
4147,6
4148,6
4149,6
4150,6
4151,6
4152,6
4153,6
4154,6
4155,6
4156,6
4157,6
4158,6
4159,6
4160,6
4161,6
4162,6
4163,6
4164,6
4165,6
4166,6
4167,6
4168,6
4169,7
4170,7
4171,7
4172,7
4173,7
4174,7
4175,7
4176,7
4177,7
4178,7
4179,7
4180,7
4181,7
4182,7
4183,7
4184,7
4185,7
4186,7
4187,7
4188,7
4189,7
4190,7
4191,7
4192,7
4193,7
4194,7
4195,7
4196,7
4197,7
4198,7
4199,7
4200,7
4201,7
4202,7
4203,7
4204,7
4205,7
4206,7
4207,7
4208,7
4209,7
4210,7
4211,7
4212,7
4213,7
4214,7
4215,7
4216,7
4217,7
4218,7
4219,7
4220,7
4221,7
4222,7
4223,7
4224,7
4225,7
4226,7
4227,7
4228,7
4229,8
4230,8
4231,8
4232,8
4233,8
4234,8
4235,8
4236,8
4237,8
4238,8
4239,8
4240,8
4241,8
4242,8
4243,8
4244,8
4245,8
4246,8
4247,8
4248,8
4249,8
4250,8
4251,8
4252,8
4253,8
4254,8
4255,8
4256,8
4257,8
4258,8
4259,8
4260,8
4261,8
4262,8
4263,8
4264,8
4265,8
4266,8
4267,8
4268,8
4269,8
4270,8
4271,8
4272,8
4273,8
4274,8
4275,8
4276,8
4277,8
4278,8
4279,8
4280,8
4281,8
4282,8
4283,8
4284,8
4285,8
4286,8
4287,8
4288,8
4289,9
4290,9
4291,9
4292,9
4293,9
4294,9
4295,9
4296,9
4297,9
4298,9
4299,9
4300,9
4301,9
4302,9
4303,9
4304,9
4305,9
4306,9
4307,9
4308,9
4309,9
4310,9
4311,9
4312,9
4313,9
4314,9
4315,9
4316,9
4317,9
4318,9
4319,9
4320,9
4321,9
4322,9
4323,9
4324,9
4325,9
4326,9
4327,9
4328,9
4329,9
4330,9
4331,9
4332,9
4333,9
4334,9
4335,9
4336,9
4337,9
4338,9
4339,9
4340,9
4341,9
4342,9
4343,9
4344,9
4345,9
4346,9
4347,9
4348,9
4349,10
4350,10
4351,10
4352,10
4353,10
4354,10
4355,10
4356,10
4357,10
4358,10
4359,10
4360,10
4361,10
4362,10
4363,10
4364,10
4365,10
4366,10
4367,10
4368,10
4369,10
4370,10
4371,10
4372,10
4373,10
4374,10
4375,10
4376,10
4377,10
4378,10
4379,10
4380,10
4381,10
4382,10
4383,10
4384,10
4385,10
4386,10
4387,10
4388,10
4389,10
4390,10
4391,10
4392,10
4393,10
4394,10
4395,10
4396,10
4397,10
4398,10
4399,10
4400,10
4401,10
4402,10
4403,10
4404,10
4405,10
4406,10
4407,11
4408,11
4409,11
4410,11
4411,11
4412,11
4413,11
4414,11
4415,11
4416,11
4417,11
4418,11
4419,11
4420,11
4421,11
4422,11
4423,11
4424,11
4425,11
4426,11
4427,11
4428,11
4429,11
4430,11
4431,11
4432,11
4433,11
4434,11
4435,11
4436,11
4437,11
4438,11
4439,11
4440,11
4441,11
4442,11
4443,11
4444,11
4445,11
4446,11
4447,11
4448,11
4449,11
4450,11
4451,11
4452,11
4453,11
4454,11
4455,11
4456,11
4457,11
4458,11
4459,11
4460,11
4461,11
4462,11
4463,11
4464,11
4465,11
4466,11
4467,12
4468,12
4469,12
4470,12
4471,12
4472,12
4473,12
4474,12
4475,12
4476,12
4477,12
4478,12
4479,12
4480,12
4481,12
4482,12
4483,12
4484,12
4485,12
4486,12
4487,12
4488,12
4489,12
4490,12
4491,12
4492,12
4493,12
4494,12
4495,12
4496,12
4497,12
4498,12
4499,12
4500,12
4501,12
4502,12
4503,12
4504,12
4505,12
4506,12
4507,12
4508,12
4509,12
4510,12
4511,12
4512,12
4513,12
4514,12
4515,12
4516,12
4517,12
4518,12
4519,12
4520,12
4521,12
4522,12
4523,12
4524,12
4525,12
4526,12
4527,1
4528,1
4529,1
4530,1
4531,1
4532,1
4533,1
4534,1
4535,1
4536,1
4537,1
4538,1
4539,1
4540,1
4541,1
4542,1
4543,1
4544,1
4545,1
4546,1
4547,1
4548,1
4549,1
4550,1
4551,1
4552,1
4553,1
4554,1
4555,1
4556,1
4557,1
4558,1
4559,1
4560,1
4561,1
4562,1
4563,1
4564,1
4565,1
4566,1
4567,1
4568,1
4569,1
4570,1
4571,1
4572,1
4573,1
4574,1
4575,1
4576,1
4577,1
4578,1
4579,1
4580,1
4581,1
4582,1
4583,1
4584,1
4585,1
4586,1
4587,2
4588,2
4589,2
4590,2
4591,2
4592,2
4593,2
4594,2
4595,2
4596,2
4597,2
4598,2
4599,2
4600,2
4601,2
4602,2
4603,2
4604,2
4605,2
4606,2
4607,2
4608,2
4609,2
4610,2
4611,2
4612,2
4613,2
4614,2
4615,2
4616,2
4617,2
4618,2
4619,2
4620,2
4621,2
4622,2
4623,2
4624,2
4625,2
4626,2
4627,2
4628,2
4629,2
4630,2
4631,2
4632,2
4633,2
4634,2
4635,2
4636,2
4637,2
4638,2
4639,2
4640,2
4641,2
4642,2
4643,2
4644,2
4645,2
4646,3
4647,3
4648,3
4649,3
4650,3
4651,3
4652,3
4653,3
4654,3
4655,3
4656,3
4657,3
4658,3
4659,3
4660,3
4661,3
4662,3
4663,3
4664,3
4665,3
4666,3
4667,3
4668,3
4669,3
4670,3
4671,3
4672,3
4673,3
4674,3
4675,3
4676,3
4677,3
4678,3
4679,3
4680,3
4681,3
4682,3
4683,3
4684,3
4685,3
4686,3
4687,3
4688,3
4689,3
4690,3
4691,3
4692,3
4693,3
4694,3
4695,3
4696,3
4697,3
4698,3
4699,3
4700,3
4701,3
4702,3
4703,3
4704,3
4705,3
4706,4
4707,4
4708,4
4709,4
4710,4
4711,4
4712,4
4713,4
4714,4
4715,4
4716,4
4717,4
4718,4
4719,4
4720,4
4721,4
4722,4
4723,4
4724,4
4725,4
4726,4
4727,4
4728,4
4729,4
4730,4
4731,4
4732,4
4733,4
4734,4
4735,4
4736,4
4737,4
4738,4
4739,4
4740,4
4741,4
4742,4
4743,4
4744,4
4745,4
4746,4
4747,4
4748,4
4749,4
4750,4
4751,4
4752,4
4753,4
4754,4
4755,4
4756,4
4757,4
4758,4
4759,4
4760,4
4761,4
4762,4
4763,4
4764,4
4765,4
4766,5
4767,5
4768,5
4769,5
4770,5
4771,5
4772,5
4773,5
4774,5
4775,5
4776,5
4777,5
4778,5
4779,5
4780,5
4781,5
4782,5
4783,5
4784,5
4785,5
4786,5
4787,5
4788,5
4789,5
4790,5
4791,5
4792,5
4793,5
4794,5
4795,5
4796,5
4797,5
4798,5
4799,5
4800,5
4801,5
4802,5
4803,5
4804,5
4805,5
4806,5
4807,5
4808,5
4809,5
4810,5
4811,5
4812,5
4813,5
4814,5
4815,5
4816,5
4817,5
4818,5
4819,5
4820,5
4821,5
4822,5
4823,5
4824,5
4825,5
4826,6
4827,6
4828,6
4829,6
4830,6
4831,6
4832,6
4833,6
4834,6
4835,6
4836,6
4837,6
4838,6
4839,6
4840,6
4841,6
4842,6
4843,6
4844,6
4845,6
4846,6
4847,6
4848,6
4849,6
4850,6
4851,6
4852,6
4853,6
4854,6
4855,6
4856,6
4857,6
4858,6
4859,6
4860,6
4861,6
4862,6
4863,6
4864,6
4865,6
4866,6
4867,6
4868,6
4869,6
4870,6
4871,6
4872,6
4873,6
4874,6
4875,6
4876,6
4877,6
4878,6
4879,6
4880,6
4881,6
4882,6
4883,6
4884,7
4885,7
4886,7
4887,7
4888,7
4889,7
4890,7
4891,7
4892,7
4893,7
4894,7
4895,7
4896,7
4897,7
4898,7
4899,7
4900,7
4901,7
4902,7
4903,7
4904,7
4905,7
4906,7
4907,7
4908,7
4909,7
4910,7
4911,7
4912,7
4913,7
4914,7
4915,7
4916,7
4917,7
4918,7
4919,7
4920,7
4921,7
4922,7
4923,7
4924,7
4925,7
4926,7
4927,7
4928,7
4929,7
4930,7
4931,7
4932,7
4933,7
4934,7
4935,7
4936,7
4937,7
4938,7
4939,7
4940,7
4941,7
4942,8
4943,8
4944,8
4945,8
4946,8
4947,8
4948,8
4949,8
4950,8
4951,8
4952,8
4953,8
4954,8
4955,8
4956,8
4957,8
4958,8
4959,8
4960,8
4961,8
4962,8
4963,8
4964,8
4965,8
4966,8
4967,8
4968,8
4969,8
4970,8
4971,8
4972,8
4973,8
4974,8
4975,8
4976,8
4977,8
4978,8
4979,8
4980,8
4981,8
4982,8
4983,8
4984,8
4985,8
4986,8
4987,8
4988,8
4989,8
4990,8
4991,8
4992,8
4993,8
4994,8
4995,8
4996,8
4997,8
4998,8
4999,8
5000,8
5001,8
5002,9
5003,9
5004,9
5005,9
5006,9
5007,9
5008,9
5009,9
5010,9
5011,9
5012,9
5013,9
5014,9
5015,9
5016,9
5017,9
5018,9
5019,9
5020,9
5021,9
5022,9
5023,9
5024,9
5025,9
5026,9
5027,9
5028,9
5029,9
5030,9
5031,9
5032,9
5033,9
5034,9
5035,9
5036,9
5037,9
5038,9
5039,9
5040,9
5041,9
5042,9
5043,9
5044,9
5045,9
5046,9
5047,9
5048,9
5049,9
5050,9
5051,9
5052,9
5053,9
5054,9
5055,9
5056,9
5057,9
5058,9
5059,9
5060,9
5061,9
5062,10
5063,10
5064,10
5065,10
5066,10
5067,10
5068,10
5069,10
5070,10
5071,10
5072,10
5073,10
5074,10
5075,10
5076,10
5077,10
5078,10
5079,10
5080,10
5081,10
5082,10
5083,10
5084,10
5085,10
5086,10
5087,10
5088,10
5089,10
5090,10
5091,10
5092,10
5093,10
5094,10
5095,10
5096,10
5097,10
5098,10
5099,10
5100,10
5101,10
5102,10
5103,10
5104,10
5105,10
5106,10
5107,10
5108,10
5109,10
5110,10
5111,10
5112,10
5113,10
5114,10
5115,10
5116,10
5117,10
5118,10
5119,10
5120,10
5121,11
5122,11
5123,11
5124,11
5125,11
5126,11
5127,11
5128,11
5129,11
5130,11
5131,11
5132,11
5133,11
5134,11
5135,11
5136,11
5137,11
5138,11
5139,11
5140,11
5141,11
5142,11
5143,11
5144,11
5145,11
5146,11
5147,11
5148,11
5149,11
5150,11
5151,11
5152,11
5153,11
5154,11
5155,11
5156,11
5157,11
5158,11
5159,11
5160,11
5161,11
5162,11
5163,11
5164,11
5165,11
5166,11
5167,11
5168,11
5169,11
5170,11
5171,11
5172,11
5173,11
5174,11
5175,11
5176,11
5177,11
5178,11
5179,11
5180,11
5181,12
5182,12
5183,12
5184,12
5185,12
5186,12
5187,12
5188,12
5189,12
5190,12
5191,12
5192,12
5193,12
5194,12
5195,12
5196,12
5197,12
5198,12
5199,12
5200,12
5201,12
5202,12
5203,12
5204,12
5205,12
5206,12
5207,12
5208,12
5209,12
5210,12
5211,12
5212,12
5213,12
5214,12
5215,12
5216,12
5217,12
5218,12
5219,12
5220,12
5221,12
5222,12
5223,12
5224,12
5225,12
5226,12
5227,12
5228,12
5229,12
5230,12
5231,12
5232,12
5233,12
5234,12
5235,12
5236,12
5237,12
5238,12
5239,12
5240,12
5241,1
5242,1
5243,1
5244,1
5245,1
5246,1
5247,1
5248,1
5249,1
5250,1
5251,1
5252,1
5253,1
5254,1
5255,1
5256,1
5257,1
5258,1
5259,1
5260,1
5261,1
5262,1
5263,1
5264,1
5265,1
5266,1
5267,1
5268,1
5269,1
5270,1
5271,1
5272,1
5273,1
5274,1
5275,1
5276,1
5277,1
5278,1
5279,1
5280,1
5281,1
5282,1
5283,1
5284,1
5285,1
5286,1
5287,1
5288,1
5289,1
5290,1
5291,1
5292,1
5293,1
5294,1
5295,1
5296,1
5297,1
5298,1
5299,1
5300,1
5301,2
5302,2
5303,2
5304,2
5305,2
5306,2
5307,2
5308,2
5309,2
5310,2
5311,2
5312,2
5313,2
5314,2
5315,2
5316,2
5317,2
5318,2
5319,2
5320,2
5321,2
5322,2
5323,2
5324,2
5325,2
5326,2
5327,2
5328,2
5329,2
5330,2
5331,2
5332,2
5333,2
5334,2
5335,2
5336,2
5337,2
5338,2
5339,2
5340,2
5341,2
5342,2
5343,2
5344,2
5345,2
5346,2
5347,2
5348,2
5349,2
5350,2
5351,2
5352,2
5353,2
5354,2
5355,2
5356,2
5357,2
5358,2
5359,2
5360,3
5361,3
5362,3
5363,3
5364,3
5365,3
5366,3
5367,3
5368,3
5369,3
5370,3
5371,3
5372,3
5373,3
5374,3
5375,3
5376,3
5377,3
5378,3
5379,3
5380,3
